{
  "version": "OpenCVFisheyeModelV0",
  "left": {
    "image_width": 2064,
    "image_height": 2464,
    "camera_matrix": {
      "f": [
        982.9655667192729,
        979.7752492927893
      ],
      "c": [
        1004.9231928778597,
        1209.5297838006043
      ]
    },
    "distortion_model": {
      "k": [
        -0.011748534142266282,
        -0.01885981353188593,
        0.009152614158564875,
        -0.0023268207358802424
      ]
    }
  },
  "right": {
    "image_width": 2064,
    "image_height": 2464,
    "camera_matrix": {
      "f": [
        982.7422740778276,
        979.1148963357616
      ],
      "c": [
        1016.3870226536397,
        1205.7758200816086
      ]
    },
    "distortion_model": {
      "k": [
        -0.022655961147648448,
        0.00020390972373147937,
        -0.004479323413042094,
        0.0018035614886406843
      ]
    }
  },
  "left_to_right_quaternion": [
    0.001016676690530145,
    -0.002212722620719658,
    -0.00036976180952498814,
    0.9999969667470571
  ],
  "left_to_right_translation": [
    0.06328457692462135,
    -0.0004137854920735309,
    0.0001675024530456557
  ]
}
